{"Transform":{"L_Position":[0.0,0.0,0.0],"L_Rotation":[0.0,0.0,0.0],"L_Scale":[1.0,1.0,1.0],"L_ScaleFactor":1.0,"Position":[-19.899999618530273,0.0,0.0],"Rotation":[0.0,-81.5,0.0],"Scale":[1.0,1.0,1.0],"ScaleFactor":0.5600000023841858}}
