{"Transform":{"L_Position":[0.0,0.0,0.0],"L_Rotation":[0.0,0.0,0.0],"L_Scale":[1.0,1.0,1.0],"L_ScaleFactor":1.0,"Position":[-2.799999952316284,0.0,84.30000305175781],"Rotation":[0.0,-32.5,0.0],"Scale":[1.0,1.0,1.0],"ScaleFactor":0.30000001192092896}}
