{"Transform":{"L_Position":[0.0,0.0,0.0],"L_Rotation":[0.0,0.0,0.0],"L_Scale":[1.0,1.0,1.0],"L_ScaleFactor":1.0,"Position":[64.19999694824219,0.0,-59.900001525878906],"Rotation":[0.0,-122.5,0.0],"Scale":[1.0,1.0,1.0],"ScaleFactor":0.30000001192092896}}
