{"Transform":{"L_Position":[0.0,0.0,0.0],"L_Rotation":[0.0,0.0,0.0],"L_Scale":[1.0,1.0,1.0],"L_ScaleFactor":1.0,"Position":[-48.599998474121094,0.0,-88.80000305175781],"Rotation":[0.0,94.5,0.0],"Scale":[1.0,1.0,1.0],"ScaleFactor":0.30000001192092896}}
