{"Transform":{"L_Position":[0.0,0.0,0.0],"L_Rotation":[0.0,0.0,0.0],"L_Scale":[1.0,1.0,1.0],"L_ScaleFactor":1.0,"Position":[-51.78773498535156,18.42933464050293,45.37794876098633],"Rotation":[13.741954803466797,130.24790954589844,0.0],"Scale":[1.0,1.0,1.0],"ScaleFactor":1.0}}
