{"Transform":{"L_Position":[0.0,0.0,0.0],"L_Rotation":[0.0,0.0,0.0],"L_Scale":[1.0,1.0,1.0],"L_ScaleFactor":1.0,"Position":[-127.43230438232422,75.79034423828125,-63.188758850097656],"Rotation":[17.37895965576172,57.69997787475586,0.0],"Scale":[1.0,1.0,1.0],"ScaleFactor":1.0}}
