{"Transform":{"L_Position":[0.0,0.0,0.0],"L_Rotation":[0.0,0.0,0.0],"L_Scale":[1.0,1.0,1.0],"L_ScaleFactor":1.0,"Position":[-130.27696228027344,43.79859924316406,116.56295776367188],"Rotation":[10.860957145690918,131.99493408203125,0.0],"Scale":[1.0,1.0,1.0],"ScaleFactor":1.0}}
