{"Transform":{"L_Position":[0.0,0.0,0.0],"L_Rotation":[0.0,0.0,0.0],"L_Scale":[1.0,1.0,1.0],"L_ScaleFactor":1.0,"Position":[-2.700000047683716,0.6000000238418579,0.0],"Rotation":[0.0,0.0,0.0],"Scale":[1.0,1.0,1.0],"ScaleFactor":0.20000000298023224}}
