{"Transform":{"L_Position":[0.0,0.0,0.0],"L_Rotation":[0.0,0.0,0.0],"L_Scale":[1.0,1.0,1.0],"L_ScaleFactor":1.0,"Position":[15.699999809265137,10.199999809265137,-24.399999618530273],"Rotation":[0.0,46.0,0.0],"Scale":[1.0,1.0,1.0],"ScaleFactor":1.0}}
