{"Transform":{"L_Position":[-1.2999999523162842,0.0,576.5999755859375],"L_Rotation":[0.0,0.0,0.0],"L_Scale":[1.0,1.0,1.0],"L_ScaleFactor":1.0,"Position":[-0.16899998486042023,0.0,74.95799255371094],"Rotation":[-0.0,0.0,-0.0],"Scale":[0.12999999523162842,0.12999999523162842,0.12999999523162842],"ScaleFactor":1.0}}
