{"Transform":{"L_Position":[-414.79998779296875,0.0,43.400001525878906],"L_Rotation":[0.0,92.5,0.0],"L_Scale":[1.0,1.0,1.0],"L_ScaleFactor":1.0,"Position":[-53.92399597167969,0.0,5.642000198364258],"Rotation":[0.0,0.7223640084266663,0.0],"Scale":[0.1300000101327896,0.12999999523162842,0.1300000101327896],"ScaleFactor":1.0}}
