{"Transform":{"L_Position":[-309.3999938964844,0.0,-678.5],"L_Rotation":[0.0,0.0,0.0],"L_Scale":[1.0,1.0,1.0],"L_ScaleFactor":1.0,"Position":[-40.22199630737305,0.0,-88.20499420166016],"Rotation":[-0.0,0.0,-0.0],"Scale":[0.12999999523162842,0.12999999523162842,0.12999999523162842],"ScaleFactor":1.0}}
