{"Transform":{"L_Position":[-630.5,0.0,135.0],"L_Rotation":[0.0,0.0,0.0],"L_Scale":[1.0,1.0,1.0],"L_ScaleFactor":1.0,"Position":[-81.96499633789063,0.0,17.549999237060547],"Rotation":[-0.0,0.0,-0.0],"Scale":[0.12999999523162842,0.12999999523162842,0.12999999523162842],"ScaleFactor":1.0}}
