{"Transform":{"L_Position":[0.0,0.0,0.0],"L_Rotation":[0.0,0.0,0.0],"L_Scale":[1.0,1.0,1.0],"L_ScaleFactor":1.0,"Position":[-12.781270980834961,-0.2945980429649353,2.6470000743865967],"Rotation":[0.0,-25.959392547607422,0.0],"Scale":[1.0,1.0,1.0],"ScaleFactor":0.3799999952316284}}
