{"Transform":{"L_Position":[0.0,0.0,0.0],"L_Rotation":[0.0,0.0,0.0],"L_Scale":[1.0,1.0,1.0],"L_ScaleFactor":1.0,"Position":[-10.131147384643555,-0.2945979833602905,1.5966628789901733],"Rotation":[0.0,-179.7379150390625,0.0],"Scale":[1.0,1.0,1.0],"ScaleFactor":0.3799999952316284}}
