{"Transform":{"L_Position":[0.0,0.0,0.0],"L_Rotation":[0.0,0.0,0.0],"L_Scale":[1.0,1.0,1.0],"L_ScaleFactor":1.0,"Position":[-1.4391279220581055,0.3481745719909668,-0.2234470099210739],"Rotation":[0.0,-155.73826599121094,0.0],"Scale":[1.0,1.0,1.0],"ScaleFactor":0.3799999952316284}}
