{"Transform":{"L_Position":[0.0,0.0,0.0],"L_Rotation":[0.0,0.0,0.0],"L_Scale":[1.0,1.0,1.0],"L_ScaleFactor":1.0,"Position":[6.667767524719238,0.0,27.678743362426758],"Rotation":[-1.8143410682678223,-398.0362243652344,0.0],"Scale":[1.0,1.0,1.0],"ScaleFactor":1.0}}
