{"Transform":{"L_Position":[0.0,0.0,0.0],"L_Rotation":[0.0,0.0,0.0],"L_Scale":[1.0,1.0,1.0],"L_ScaleFactor":1.0,"Position":[-10.120396614074707,4.499297618865967,5.948509216308594],"Rotation":[-1.8143410682678223,-248.99583435058594,0.0],"Scale":[1.0,1.0,1.0],"ScaleFactor":1.0}}
