{"Transform":{"L_Position":[0.0,0.0,0.0],"L_Rotation":[0.0,0.0,0.0],"L_Scale":[1.0,1.0,1.0],"L_ScaleFactor":1.0,"Position":[15.371179580688477,0.0,11.319271087646484],"Rotation":[0.0,55.400569915771484,0.0],"Scale":[1.0,1.0,1.0],"ScaleFactor":0.3799999952316284}}
