{"Transform":{"L_Position":[433.8999938964844,0.0,4.800000190734863],"L_Rotation":[0.0,0.0,0.0],"L_Scale":[1.0,1.0,1.0],"L_ScaleFactor":1.0,"Position":[56.40699768066406,0.0,0.6240000128746033],"Rotation":[-0.0,0.0,-0.0],"Scale":[0.12999999523162842,0.12999999523162842,0.12999999523162842],"ScaleFactor":1.0}}
