{"Transform":{"L_Position":[-166.1999969482422,0.0,574.0],"L_Rotation":[0.0,-148.5,0.0],"L_Scale":[1.0,1.0,1.0],"L_ScaleFactor":1.0,"Position":[-21.605998992919922,0.0,74.6199951171875],"Rotation":[0.0,0.9624552130699158,0.0],"Scale":[0.12999998033046722,0.12999999523162842,0.12999998033046722],"ScaleFactor":1.0}}
