{"Transform":{"L_Position":[0.0,0.0,0.0],"L_Rotation":[0.0,0.0,0.0],"L_Scale":[1.0,1.0,1.0],"L_ScaleFactor":1.0,"Position":[-84.9000015258789,0.0,57.79999923706055],"Rotation":[0.0,-67.5,0.0],"Scale":[1.0,1.0,1.0],"ScaleFactor":0.30000001192092896}}
