{"Transform":{"L_Position":[104.30000305175781,0.0,-383.5],"L_Rotation":[0.0,82.0,0.0],"L_Scale":[1.0,1.0,1.0],"L_ScaleFactor":1.0,"Position":[13.559000015258789,0.0,-49.85499954223633],"Rotation":[-0.0,0.6560590267181396,-0.0],"Scale":[0.1300000101327896,0.12999999523162842,0.1300000101327896],"ScaleFactor":1.0}}
