{"Transform":{"L_Position":[894.4000244140625,0.0,202.6999969482422],"L_Rotation":[0.0,87.5,0.0],"L_Scale":[1.0,1.0,1.0],"L_ScaleFactor":1.0,"Position":[116.2719955444336,0.0,26.350997924804688],"Rotation":[-0.0,0.6915130615234375,-0.0],"Scale":[0.1300000101327896,0.12999999523162842,0.1300000101327896],"ScaleFactor":1.0}}
