{"Transform":{"L_Position":[-697.2000122070313,0.0,307.8999938964844],"L_Rotation":[0.0,120.0,0.0],"L_Scale":[1.0,1.0,1.0],"L_ScaleFactor":1.0,"Position":[-90.63600158691406,0.0,40.02699661254883],"Rotation":[0.0,0.866025447845459,0.0],"Scale":[0.12999999523162842,0.12999999523162842,0.12999999523162842],"ScaleFactor":1.0}}
