{"Transform":{"L_Position":[0.0,0.0,0.0],"L_Rotation":[0.0,0.0,0.0],"L_Scale":[1.0,1.0,1.0],"L_ScaleFactor":1.0,"Position":[31.0,0.0,-66.4000015258789],"Rotation":[0.0,-155.0,0.0],"Scale":[1.0,1.0,1.0],"ScaleFactor":0.30000001192092896}}
