{"Transform":{"L_Position":[386.3999938964844,0.0,331.0],"L_Rotation":[0.0,83.5,0.0],"L_Scale":[1.0,1.0,1.0],"L_ScaleFactor":1.0,"Position":[50.231998443603516,0.0,43.029998779296875],"Rotation":[-0.0,0.6658816933631897,-0.0],"Scale":[0.1300000101327896,0.12999999523162842,0.1300000101327896],"ScaleFactor":1.0}}
