{"Transform":{"L_Position":[-645.0999755859375,0.0,-287.8999938964844],"L_Rotation":[0.0,-75.5,0.0],"L_Scale":[1.0,1.0,1.0],"L_ScaleFactor":1.0,"Position":[-83.86299133300781,0.0,-37.426998138427734],"Rotation":[-0.0,-0.6122173070907593,-0.0],"Scale":[0.1300000101327896,0.12999999523162842,0.1300000101327896],"ScaleFactor":1.0}}
