{"Transform":{"L_Position":[-336.5,0.0,520.5999755859375],"L_Rotation":[0.0,94.0,0.0],"L_Scale":[1.0,1.0,1.0],"L_ScaleFactor":1.0,"Position":[-43.744998931884766,0.0,67.67799377441406],"Rotation":[0.0,0.7313537001609802,0.0],"Scale":[0.1300000101327896,0.12999999523162842,0.1300000101327896],"ScaleFactor":1.0}}
