{"Transform":{"L_Position":[-477.29998779296875,0.0,0.0],"L_Rotation":[0.0,0.0,0.0],"L_Scale":[1.0,1.0,1.0],"L_ScaleFactor":1.0,"Position":[-62.04899597167969,0.0,0.0],"Rotation":[-0.0,0.0,-0.0],"Scale":[0.12999999523162842,0.12999999523162842,0.12999999523162842],"ScaleFactor":1.0}}
