{"Transform":{"L_Position":[0.0,0.0,0.0],"L_Rotation":[0.0,0.0,0.0],"L_Scale":[1.0,1.0,1.0],"L_ScaleFactor":1.0,"Position":[-25.799999237060547,0.0,16.100000381469727],"Rotation":[0.0,40.0,0.0],"Scale":[1.0,1.0,1.0],"ScaleFactor":0.41999998688697815}}
