{"Transform":{"L_Position":[0.0,0.0,0.0],"L_Rotation":[0.0,0.0,0.0],"L_Scale":[1.0,1.0,1.0],"L_ScaleFactor":1.0,"Position":[31.899999618530273,0.0,16.100000381469727],"Rotation":[0.0,40.0,0.0],"Scale":[1.0,1.0,1.0],"ScaleFactor":0.07000000029802322}}
