{"ThrusterEffect_0":{"OffsetPosition":[0.0,0.05000000074505806,0.0],"OffsetRotation":[28.0,0.0,0.0],"Scale":[0.30000001192092896,-0.30000001192092896,-0.23000000417232513]},"ThrusterEffect_1":{"OffsetPosition":[0.0,0.05000000074505806,0.10000000149011612],"OffsetRotation":[50.0,0.0,0.0],"Scale":[0.30000001192092896,-0.30000001192092896,-0.18000000715255737]},"ThrusterEffect_10":{"OffsetPosition":[-0.07000000029802322,0.17000000178813934,0.009999999776482582],"OffsetRotation":[-34.0,-90.0,0.0],"Scale":[0.20000000298023224,1.0,0.10000000149011612]},"ThrusterEffect_11":{"OffsetPosition":[0.07000000029802322,-0.17000000178813934,-0.009999999776482582],"OffsetRotation":[34.0,90.0,0.0],"Scale":[0.20000000298023224,1.0,0.10000000149011612]},"ThrusterEffect_12":{"OffsetPosition":[-0.03999999910593033,0.029999999329447746,0.12999999523162842],"OffsetRotation":[-53.0,0.0,0.0],"Scale":[0.1599999964237213,1.0,0.10000000149011612]},"ThrusterEffect_13":{"OffsetPosition":[0.0,0.029999999329447746,-0.11999999731779099],"OffsetRotation":[-131.0,0.0,0.0],"Scale":[0.1599999964237213,1.0,0.07000000029802322]},"ThrusterEffect_14":{"OffsetPosition":[0.019999999552965164,-0.029999999329447746,0.11999999731779099],"OffsetRotation":[59.0,0.0,0.0],"Scale":[0.1599999964237213,1.0,0.07000000029802322]},"ThrusterEffect_15":{"OffsetPosition":[0.03999999910593033,-0.029999999329447746,-0.12999999523162842],"OffsetRotation":[127.0,0.0,0.0],"Scale":[0.1599999964237213,1.0,0.10000000149011612]},"ThrusterEffect_16":{"OffsetPosition":[-0.1599999964237213,0.10999999940395355,0.0],"OffsetRotation":[-18.0,-90.0,0.0],"Scale":[0.46000000834465027,0.12999999523162842,0.27000001072883606]},"ThrusterEffect_17":{"OffsetPosition":[0.1599999964237213,-0.10999999940395355,0.0],"OffsetRotation":[18.0,90.0,0.0],"Scale":[0.46000000834465027,1.0,0.27000001072883606]},"ThrusterEffect_18":{"OffsetPosition":[-0.03999999910593033,-0.1599999964237213,0.07999999821186066],"OffsetRotation":[26.0,45.0,0.0],"Scale":[0.12999999523162842,1.0,0.10000000149011612]},"ThrusterEffect_19":{"OffsetPosition":[-0.03999999910593033,-0.1599999964237213,-0.07999999821186066],"OffsetRotation":[26.0,135.0,0.0],"Scale":[0.12999999523162842,1.0,0.10000000149011612]},"ThrusterEffect_2":{"OffsetPosition":[0.0,-0.05000000074505806,0.0],"OffsetRotation":[25.0,0.0,0.0],"Scale":[0.30000001192092896,0.30000001192092896,0.18000000715255737]},"ThrusterEffect_20":{"OffsetPosition":[0.0,0.0,0.0],"OffsetRotation":[0.0,0.0,0.0],"Scale":[1.0,1.0,1.0]},"ThrusterEffect_21":{"OffsetPosition":[0.0,0.0,0.0],"OffsetRotation":[0.0,0.0,0.0],"Scale":[1.0,1.0,1.0]},"ThrusterEffect_22":{"OffsetPosition":[0.0,0.0,0.0],"OffsetRotation":[0.0,0.0,0.0],"Scale":[1.0,1.0,1.0]},"ThrusterEffect_23":{"OffsetPosition":[0.0,0.0,0.0],"OffsetRotation":[0.0,0.0,0.0],"Scale":[1.0,1.0,1.0]},"ThrusterEffect_3":{"OffsetPosition":[0.0,-0.05000000074505806,-0.10000000149011612],"OffsetRotation":[50.0,0.0,0.0],"Scale":[0.30000001192092896,0.30000001192092896,0.18000000715255737]},"ThrusterEffect_4":{"OffsetPosition":[-0.44999998807907104,0.10000000149011612,0.0],"OffsetRotation":[-60.0,-85.0,0.0],"Scale":[0.23000000417232513,1.0,0.15000000596046448]},"ThrusterEffect_5":{"OffsetPosition":[0.44999998807907104,-0.10000000149011612,0.0],"OffsetRotation":[60.0,85.0,0.0],"Scale":[0.23000000417232513,1.0,0.15000000596046448]},"ThrusterEffect_6":{"OffsetPosition":[-0.44999998807907104,-0.25,0.0],"OffsetRotation":[60.0,-85.0,0.0],"Scale":[0.20000000298023224,1.0,0.10000000149011612]},"ThrusterEffect_7":{"OffsetPosition":[-0.6499999761581421,-0.20000000298023224,0.0],"OffsetRotation":[60.0,-85.0,0.0],"Scale":[0.20000000298023224,1.0,0.10000000149011612]},"ThrusterEffect_8":{"OffsetPosition":[0.44999998807907104,0.25,0.0],"OffsetRotation":[60.0,-85.0,0.0],"Scale":[0.20000000298023224,1.0,-0.10000000149011612]},"ThrusterEffect_9":{"OffsetPosition":[0.6499999761581421,0.25,0.0],"OffsetRotation":[60.0,-85.0,0.0],"Scale":[0.20000000298023224,1.0,-0.10000000149011612]},"Transform":{"L_Position":[0.0,0.0,0.0],"L_Rotation":[0.0,0.0,0.0],"L_Scale":[1.0,1.0,1.0],"L_ScaleFactor":1.0,"Position":[0.0,0.0,32.18448257446289],"Rotation":[0.0,0.0,0.0],"Scale":[1.0,1.0,1.0],"ScaleFactor":7.0}}
