{"Transform":{"L_Position":[0.0,0.0,0.0],"L_Rotation":[0.0,0.0,0.0],"L_Scale":[1.0,1.0,1.0],"L_ScaleFactor":1.0,"Position":[-0.5752366781234741,4.420201301574707,-19.460926055908203],"Rotation":[-1.2483696937561035,2.3638720512390137,0.0],"Scale":[1.0,1.0,1.0],"ScaleFactor":1.0}}
