{"Transform":{"L_Position":[0.0,0.0,0.0],"L_Rotation":[0.0,0.0,0.0],"L_Scale":[1.0,1.0,1.0],"L_ScaleFactor":1.0,"Position":[2.5,2.200000047683716,-1.899999976158142],"Rotation":[0.0,0.0,0.0],"Scale":[1.0,1.0,1.0],"ScaleFactor":1.0}}
